strategy,transaction_id,slot
immediate,treasury_01,1
immediate,treasury_02,1
immediate,treasury_03,1
immediate,treasury_04,2
immediate,treasury_05,2
immediate,treasury_06,2
immediate,treasury_07,3
immediate,treasury_08,3
immediate,treasury_09,3
immediate,treasury_10,4
immediate,treasury_11,4
immediate,treasury_12,4
immediate,treasury_13,5
immediate,treasury_14,5
immediate,treasury_15,5
immediate,treasury_16,6
immediate,treasury_17,6
immediate,treasury_18,1
immediate,treasury_19,7
immediate,treasury_20,7
immediate,treasury_21,2
immediate,treasury_22,8
immediate,treasury_23,8
immediate,treasury_24,3
immediate,treasury_25,9
immediate,treasury_26,9
immediate,treasury_27,4
immediate,treasury_28,10
immediate,treasury_29,1
immediate,treasury_30,5
mean_price,treasury_01,1
mean_price,treasury_02,3
mean_price,treasury_03,3
mean_price,treasury_04,3
mean_price,treasury_05,3
mean_price,treasury_06,3
mean_price,treasury_07,3
mean_price,treasury_08,3
mean_price,treasury_09,3
mean_price,treasury_10,4
mean_price,treasury_11,4
mean_price,treasury_12,4
mean_price,treasury_13,5
mean_price,treasury_14,5
mean_price,treasury_15,5
mean_price,treasury_16,6
mean_price,treasury_17,6
mean_price,treasury_18,3
mean_price,treasury_19,7
mean_price,treasury_20,7
mean_price,treasury_21,3
mean_price,treasury_22,9
mean_price,treasury_23,11
mean_price,treasury_24,3
mean_price,treasury_25,10
mean_price,treasury_26,12
mean_price,treasury_27,4
mean_price,treasury_28,11
mean_price,treasury_29,3
mean_price,treasury_30,5
expected_value_equivalence,treasury_01,1
expected_value_equivalence,treasury_02,3
expected_value_equivalence,treasury_03,3
expected_value_equivalence,treasury_04,3
expected_value_equivalence,treasury_05,3
expected_value_equivalence,treasury_06,3
expected_value_equivalence,treasury_07,3
expected_value_equivalence,treasury_08,3
expected_value_equivalence,treasury_09,3
expected_value_equivalence,treasury_10,4
expected_value_equivalence,treasury_11,4
expected_value_equivalence,treasury_12,4
expected_value_equivalence,treasury_13,5
expected_value_equivalence,treasury_14,5
expected_value_equivalence,treasury_15,5
expected_value_equivalence,treasury_16,6
expected_value_equivalence,treasury_17,6
expected_value_equivalence,treasury_18,3
expected_value_equivalence,treasury_19,7
expected_value_equivalence,treasury_20,7
expected_value_equivalence,treasury_21,3
expected_value_equivalence,treasury_22,9
expected_value_equivalence,treasury_23,11
expected_value_equivalence,treasury_24,3
expected_value_equivalence,treasury_25,10
expected_value_equivalence,treasury_26,12
expected_value_equivalence,treasury_27,4
expected_value_equivalence,treasury_28,11
expected_value_equivalence,treasury_29,3
expected_value_equivalence,treasury_30,5
cvar_lambda_0,treasury_01,1
cvar_lambda_0,treasury_02,3
cvar_lambda_0,treasury_03,3
cvar_lambda_0,treasury_04,3
cvar_lambda_0,treasury_05,3
cvar_lambda_0,treasury_06,3
cvar_lambda_0,treasury_07,3
cvar_lambda_0,treasury_08,3
cvar_lambda_0,treasury_09,3
cvar_lambda_0,treasury_10,4
cvar_lambda_0,treasury_11,4
cvar_lambda_0,treasury_12,4
cvar_lambda_0,treasury_13,5
cvar_lambda_0,treasury_14,5
cvar_lambda_0,treasury_15,5
cvar_lambda_0,treasury_16,6
cvar_lambda_0,treasury_17,6
cvar_lambda_0,treasury_18,3
cvar_lambda_0,treasury_19,7
cvar_lambda_0,treasury_20,7
cvar_lambda_0,treasury_21,3
cvar_lambda_0,treasury_22,9
cvar_lambda_0,treasury_23,11
cvar_lambda_0,treasury_24,3
cvar_lambda_0,treasury_25,10
cvar_lambda_0,treasury_26,12
cvar_lambda_0,treasury_27,4
cvar_lambda_0,treasury_28,11
cvar_lambda_0,treasury_29,3
cvar_lambda_0,treasury_30,5
cvar_lambda_0.05,treasury_01,1
cvar_lambda_0.05,treasury_02,4
cvar_lambda_0.05,treasury_03,4
cvar_lambda_0.05,treasury_04,3
cvar_lambda_0.05,treasury_05,4
cvar_lambda_0.05,treasury_06,4
cvar_lambda_0.05,treasury_07,4
cvar_lambda_0.05,treasury_08,4
cvar_lambda_0.05,treasury_09,4
cvar_lambda_0.05,treasury_10,4
cvar_lambda_0.05,treasury_11,4
cvar_lambda_0.05,treasury_12,4
cvar_lambda_0.05,treasury_13,5
cvar_lambda_0.05,treasury_14,5
cvar_lambda_0.05,treasury_15,5
cvar_lambda_0.05,treasury_16,6
cvar_lambda_0.05,treasury_17,6
cvar_lambda_0.05,treasury_18,4
cvar_lambda_0.05,treasury_19,7
cvar_lambda_0.05,treasury_20,7
cvar_lambda_0.05,treasury_21,4
cvar_lambda_0.05,treasury_22,9
cvar_lambda_0.05,treasury_23,11
cvar_lambda_0.05,treasury_24,4
cvar_lambda_0.05,treasury_25,10
cvar_lambda_0.05,treasury_26,12
cvar_lambda_0.05,treasury_27,4
cvar_lambda_0.05,treasury_28,11
cvar_lambda_0.05,treasury_29,4
cvar_lambda_0.05,treasury_30,5
cvar_lambda_0.1,treasury_01,1
cvar_lambda_0.1,treasury_02,4
cvar_lambda_0.1,treasury_03,4
cvar_lambda_0.1,treasury_04,3
cvar_lambda_0.1,treasury_05,4
cvar_lambda_0.1,treasury_06,4
cvar_lambda_0.1,treasury_07,4
cvar_lambda_0.1,treasury_08,4
cvar_lambda_0.1,treasury_09,4
cvar_lambda_0.1,treasury_10,4
cvar_lambda_0.1,treasury_11,4
cvar_lambda_0.1,treasury_12,4
cvar_lambda_0.1,treasury_13,5
cvar_lambda_0.1,treasury_14,5
cvar_lambda_0.1,treasury_15,5
cvar_lambda_0.1,treasury_16,6
cvar_lambda_0.1,treasury_17,6
cvar_lambda_0.1,treasury_18,4
cvar_lambda_0.1,treasury_19,7
cvar_lambda_0.1,treasury_20,7
cvar_lambda_0.1,treasury_21,4
cvar_lambda_0.1,treasury_22,9
cvar_lambda_0.1,treasury_23,11
cvar_lambda_0.1,treasury_24,4
cvar_lambda_0.1,treasury_25,10
cvar_lambda_0.1,treasury_26,11
cvar_lambda_0.1,treasury_27,4
cvar_lambda_0.1,treasury_28,11
cvar_lambda_0.1,treasury_29,4
cvar_lambda_0.1,treasury_30,5
cvar_lambda_0.25,treasury_01,1
cvar_lambda_0.25,treasury_02,4
cvar_lambda_0.25,treasury_03,4
cvar_lambda_0.25,treasury_04,3
cvar_lambda_0.25,treasury_05,4
cvar_lambda_0.25,treasury_06,4
cvar_lambda_0.25,treasury_07,4
cvar_lambda_0.25,treasury_08,4
cvar_lambda_0.25,treasury_09,4
cvar_lambda_0.25,treasury_10,4
cvar_lambda_0.25,treasury_11,4
cvar_lambda_0.25,treasury_12,4
cvar_lambda_0.25,treasury_13,5
cvar_lambda_0.25,treasury_14,5
cvar_lambda_0.25,treasury_15,5
cvar_lambda_0.25,treasury_16,6
cvar_lambda_0.25,treasury_17,6
cvar_lambda_0.25,treasury_18,4
cvar_lambda_0.25,treasury_19,7
cvar_lambda_0.25,treasury_20,7
cvar_lambda_0.25,treasury_21,4
cvar_lambda_0.25,treasury_22,9
cvar_lambda_0.25,treasury_23,11
cvar_lambda_0.25,treasury_24,4
cvar_lambda_0.25,treasury_25,10
cvar_lambda_0.25,treasury_26,11
cvar_lambda_0.25,treasury_27,4
cvar_lambda_0.25,treasury_28,11
cvar_lambda_0.25,treasury_29,4
cvar_lambda_0.25,treasury_30,5
cvar_lambda_0.5,treasury_01,1
cvar_lambda_0.5,treasury_02,4
cvar_lambda_0.5,treasury_03,4
cvar_lambda_0.5,treasury_04,3
cvar_lambda_0.5,treasury_05,4
cvar_lambda_0.5,treasury_06,4
cvar_lambda_0.5,treasury_07,4
cvar_lambda_0.5,treasury_08,4
cvar_lambda_0.5,treasury_09,4
cvar_lambda_0.5,treasury_10,4
cvar_lambda_0.5,treasury_11,4
cvar_lambda_0.5,treasury_12,4
cvar_lambda_0.5,treasury_13,5
cvar_lambda_0.5,treasury_14,5
cvar_lambda_0.5,treasury_15,5
cvar_lambda_0.5,treasury_16,6
cvar_lambda_0.5,treasury_17,6
cvar_lambda_0.5,treasury_18,4
cvar_lambda_0.5,treasury_19,7
cvar_lambda_0.5,treasury_20,7
cvar_lambda_0.5,treasury_21,4
cvar_lambda_0.5,treasury_22,9
cvar_lambda_0.5,treasury_23,11
cvar_lambda_0.5,treasury_24,4
cvar_lambda_0.5,treasury_25,10
cvar_lambda_0.5,treasury_26,11
cvar_lambda_0.5,treasury_27,4
cvar_lambda_0.5,treasury_28,11
cvar_lambda_0.5,treasury_29,4
cvar_lambda_0.5,treasury_30,5
cvar_lambda_0.75,treasury_01,1
cvar_lambda_0.75,treasury_02,4
cvar_lambda_0.75,treasury_03,4
cvar_lambda_0.75,treasury_04,3
cvar_lambda_0.75,treasury_05,4
cvar_lambda_0.75,treasury_06,4
cvar_lambda_0.75,treasury_07,4
cvar_lambda_0.75,treasury_08,4
cvar_lambda_0.75,treasury_09,4
cvar_lambda_0.75,treasury_10,4
cvar_lambda_0.75,treasury_11,4
cvar_lambda_0.75,treasury_12,4
cvar_lambda_0.75,treasury_13,5
cvar_lambda_0.75,treasury_14,5
cvar_lambda_0.75,treasury_15,5
cvar_lambda_0.75,treasury_16,6
cvar_lambda_0.75,treasury_17,6
cvar_lambda_0.75,treasury_18,4
cvar_lambda_0.75,treasury_19,7
cvar_lambda_0.75,treasury_20,7
cvar_lambda_0.75,treasury_21,4
cvar_lambda_0.75,treasury_22,9
cvar_lambda_0.75,treasury_23,11
cvar_lambda_0.75,treasury_24,4
cvar_lambda_0.75,treasury_25,10
cvar_lambda_0.75,treasury_26,11
cvar_lambda_0.75,treasury_27,4
cvar_lambda_0.75,treasury_28,11
cvar_lambda_0.75,treasury_29,4
cvar_lambda_0.75,treasury_30,5
cvar_lambda_1,treasury_01,1
cvar_lambda_1,treasury_02,4
cvar_lambda_1,treasury_03,4
cvar_lambda_1,treasury_04,3
cvar_lambda_1,treasury_05,4
cvar_lambda_1,treasury_06,4
cvar_lambda_1,treasury_07,4
cvar_lambda_1,treasury_08,4
cvar_lambda_1,treasury_09,4
cvar_lambda_1,treasury_10,4
cvar_lambda_1,treasury_11,4
cvar_lambda_1,treasury_12,4
cvar_lambda_1,treasury_13,5
cvar_lambda_1,treasury_14,5
cvar_lambda_1,treasury_15,5
cvar_lambda_1,treasury_16,6
cvar_lambda_1,treasury_17,6
cvar_lambda_1,treasury_18,4
cvar_lambda_1,treasury_19,7
cvar_lambda_1,treasury_20,7
cvar_lambda_1,treasury_21,4
cvar_lambda_1,treasury_22,9
cvar_lambda_1,treasury_23,11
cvar_lambda_1,treasury_24,4
cvar_lambda_1,treasury_25,10
cvar_lambda_1,treasury_26,11
cvar_lambda_1,treasury_27,4
cvar_lambda_1,treasury_28,11
cvar_lambda_1,treasury_29,4
cvar_lambda_1,treasury_30,5
cvar_lambda_1.5,treasury_01,1
cvar_lambda_1.5,treasury_02,4
cvar_lambda_1.5,treasury_03,4
cvar_lambda_1.5,treasury_04,3
cvar_lambda_1.5,treasury_05,4
cvar_lambda_1.5,treasury_06,4
cvar_lambda_1.5,treasury_07,4
cvar_lambda_1.5,treasury_08,4
cvar_lambda_1.5,treasury_09,4
cvar_lambda_1.5,treasury_10,4
cvar_lambda_1.5,treasury_11,4
cvar_lambda_1.5,treasury_12,4
cvar_lambda_1.5,treasury_13,5
cvar_lambda_1.5,treasury_14,5
cvar_lambda_1.5,treasury_15,5
cvar_lambda_1.5,treasury_16,6
cvar_lambda_1.5,treasury_17,6
cvar_lambda_1.5,treasury_18,4
cvar_lambda_1.5,treasury_19,7
cvar_lambda_1.5,treasury_20,7
cvar_lambda_1.5,treasury_21,4
cvar_lambda_1.5,treasury_22,9
cvar_lambda_1.5,treasury_23,11
cvar_lambda_1.5,treasury_24,4
cvar_lambda_1.5,treasury_25,10
cvar_lambda_1.5,treasury_26,11
cvar_lambda_1.5,treasury_27,4
cvar_lambda_1.5,treasury_28,11
cvar_lambda_1.5,treasury_29,4
cvar_lambda_1.5,treasury_30,5
cvar_lambda_2,treasury_01,1
cvar_lambda_2,treasury_02,4
cvar_lambda_2,treasury_03,4
cvar_lambda_2,treasury_04,3
cvar_lambda_2,treasury_05,4
cvar_lambda_2,treasury_06,4
cvar_lambda_2,treasury_07,4
cvar_lambda_2,treasury_08,4
cvar_lambda_2,treasury_09,4
cvar_lambda_2,treasury_10,4
cvar_lambda_2,treasury_11,4
cvar_lambda_2,treasury_12,4
cvar_lambda_2,treasury_13,5
cvar_lambda_2,treasury_14,5
cvar_lambda_2,treasury_15,5
cvar_lambda_2,treasury_16,6
cvar_lambda_2,treasury_17,6
cvar_lambda_2,treasury_18,4
cvar_lambda_2,treasury_19,7
cvar_lambda_2,treasury_20,7
cvar_lambda_2,treasury_21,4
cvar_lambda_2,treasury_22,9
cvar_lambda_2,treasury_23,11
cvar_lambda_2,treasury_24,4
cvar_lambda_2,treasury_25,10
cvar_lambda_2,treasury_26,11
cvar_lambda_2,treasury_27,4
cvar_lambda_2,treasury_28,11
cvar_lambda_2,treasury_29,4
cvar_lambda_2,treasury_30,5
cvar_lambda_3,treasury_01,1
cvar_lambda_3,treasury_02,4
cvar_lambda_3,treasury_03,4
cvar_lambda_3,treasury_04,3
cvar_lambda_3,treasury_05,4
cvar_lambda_3,treasury_06,5
cvar_lambda_3,treasury_07,4
cvar_lambda_3,treasury_08,5
cvar_lambda_3,treasury_09,4
cvar_lambda_3,treasury_10,5
cvar_lambda_3,treasury_11,5
cvar_lambda_3,treasury_12,5
cvar_lambda_3,treasury_13,5
cvar_lambda_3,treasury_14,5
cvar_lambda_3,treasury_15,5
cvar_lambda_3,treasury_16,6
cvar_lambda_3,treasury_17,6
cvar_lambda_3,treasury_18,4
cvar_lambda_3,treasury_19,7
cvar_lambda_3,treasury_20,7
cvar_lambda_3,treasury_21,4
cvar_lambda_3,treasury_22,9
cvar_lambda_3,treasury_23,11
cvar_lambda_3,treasury_24,4
cvar_lambda_3,treasury_25,10
cvar_lambda_3,treasury_26,11
cvar_lambda_3,treasury_27,4
cvar_lambda_3,treasury_28,11
cvar_lambda_3,treasury_29,4
cvar_lambda_3,treasury_30,5
cvar_lambda_5,treasury_01,1
cvar_lambda_5,treasury_02,4
cvar_lambda_5,treasury_03,4
cvar_lambda_5,treasury_04,3
cvar_lambda_5,treasury_05,4
cvar_lambda_5,treasury_06,5
cvar_lambda_5,treasury_07,4
cvar_lambda_5,treasury_08,5
cvar_lambda_5,treasury_09,4
cvar_lambda_5,treasury_10,5
cvar_lambda_5,treasury_11,5
cvar_lambda_5,treasury_12,5
cvar_lambda_5,treasury_13,5
cvar_lambda_5,treasury_14,5
cvar_lambda_5,treasury_15,5
cvar_lambda_5,treasury_16,6
cvar_lambda_5,treasury_17,6
cvar_lambda_5,treasury_18,4
cvar_lambda_5,treasury_19,7
cvar_lambda_5,treasury_20,7
cvar_lambda_5,treasury_21,4
cvar_lambda_5,treasury_22,9
cvar_lambda_5,treasury_23,11
cvar_lambda_5,treasury_24,4
cvar_lambda_5,treasury_25,10
cvar_lambda_5,treasury_26,11
cvar_lambda_5,treasury_27,4
cvar_lambda_5,treasury_28,11
cvar_lambda_5,treasury_29,4
cvar_lambda_5,treasury_30,5
