strategy,lambda_risk,train_expected_cost_eth,train_var_eth,train_cvar_eth,train_worst_cost_eth,train_tail_scenario_count,schedule,role,objective_value_eth,solver_status,optimality_gap,objective_bound_eth,num_variables,num_binary_variables,num_constraints,node_count
immediate,0.0,0.005185654778029063,0.01735033984187876,0.03762571194544874,0.13114636590062237,18.250000000000018,"{""treasury_01"": 1, ""treasury_02"": 1, ""treasury_03"": 1, ""treasury_04"": 2, ""treasury_05"": 2, ""treasury_06"": 2, ""treasury_07"": 3, ""treasury_08"": 3, ""treasury_09"": 3, ""treasury_10"": 4, ""treasury_11"": 4, ""treasury_12"": 4, ""treasury_13"": 5, ""treasury_14"": 5, ""treasury_15"": 5, ""treasury_16"": 6, ""treasury_17"": 6, ""treasury_18"": 1, ""treasury_19"": 7, ""treasury_20"": 7, ""treasury_21"": 2, ""treasury_22"": 8, ""treasury_23"": 8, ""treasury_24"": 3, ""treasury_25"": 9, ""treasury_26"": 9, ""treasury_27"": 4, ""treasury_28"": 10, ""treasury_29"": 1, ""treasury_30"": 5}",evaluation strategy,0.005185654778029063,not_applicable_baseline,,,0,0,0,
mean_price,0.0,0.004407514144027426,0.01487723791394927,0.03415428028495795,0.1195366388726539,18.250000000000018,"{""treasury_01"": 1, ""treasury_02"": 3, ""treasury_03"": 3, ""treasury_04"": 3, ""treasury_05"": 3, ""treasury_06"": 3, ""treasury_07"": 3, ""treasury_08"": 3, ""treasury_09"": 3, ""treasury_10"": 4, ""treasury_11"": 4, ""treasury_12"": 4, ""treasury_13"": 5, ""treasury_14"": 5, ""treasury_15"": 5, ""treasury_16"": 6, ""treasury_17"": 6, ""treasury_18"": 3, ""treasury_19"": 7, ""treasury_20"": 7, ""treasury_21"": 3, ""treasury_22"": 9, ""treasury_23"": 11, ""treasury_24"": 3, ""treasury_25"": 10, ""treasury_26"": 12, ""treasury_27"": 4, ""treasury_28"": 11, ""treasury_29"": 3, ""treasury_30"": 5}",evaluation strategy,0.0044075141440274275,optimal,1.9679159490928817e-16,0.004407514144027428,140,140,30,
expected_value_equivalence,0.0,0.004407514144027426,0.01487723791394927,0.03415428028495795,0.1195366388726539,18.250000000000018,"{""treasury_01"": 1, ""treasury_02"": 3, ""treasury_03"": 3, ""treasury_04"": 3, ""treasury_05"": 3, ""treasury_06"": 3, ""treasury_07"": 3, ""treasury_08"": 3, ""treasury_09"": 3, ""treasury_10"": 4, ""treasury_11"": 4, ""treasury_12"": 4, ""treasury_13"": 5, ""treasury_14"": 5, ""treasury_15"": 5, ""treasury_16"": 6, ""treasury_17"": 6, ""treasury_18"": 3, ""treasury_19"": 7, ""treasury_20"": 7, ""treasury_21"": 3, ""treasury_22"": 9, ""treasury_23"": 11, ""treasury_24"": 3, ""treasury_25"": 10, ""treasury_26"": 12, ""treasury_27"": 4, ""treasury_28"": 11, ""treasury_29"": 3, ""treasury_30"": 5}",pedagogical equivalence only,0.004407514144027426,optimal,1.9679159490928827e-16,0.004407514144027425,140,140,30,
cvar_lambda_0,0.0,0.004407514144027426,0.01487723791394927,0.03415428028495795,0.1195366388726539,18.250000000000018,"{""treasury_01"": 1, ""treasury_02"": 3, ""treasury_03"": 3, ""treasury_04"": 3, ""treasury_05"": 3, ""treasury_06"": 3, ""treasury_07"": 3, ""treasury_08"": 3, ""treasury_09"": 3, ""treasury_10"": 4, ""treasury_11"": 4, ""treasury_12"": 4, ""treasury_13"": 5, ""treasury_14"": 5, ""treasury_15"": 5, ""treasury_16"": 6, ""treasury_17"": 6, ""treasury_18"": 3, ""treasury_19"": 7, ""treasury_20"": 7, ""treasury_21"": 3, ""treasury_22"": 9, ""treasury_23"": 11, ""treasury_24"": 3, ""treasury_25"": 10, ""treasury_26"": 12, ""treasury_27"": 4, ""treasury_28"": 11, ""treasury_29"": 3, ""treasury_30"": 5}",evaluation strategy,0.0044075141440274275,optimal,1.9679159490928817e-16,0.004407514144027428,140,140,30,
cvar_lambda_0.05,0.05,0.004488570386574312,0.017041012796958195,0.031412102074846335,0.09946609665447337,18.250000000000018,"{""treasury_01"": 1, ""treasury_02"": 4, ""treasury_03"": 4, ""treasury_04"": 3, ""treasury_05"": 4, ""treasury_06"": 4, ""treasury_07"": 4, ""treasury_08"": 4, ""treasury_09"": 4, ""treasury_10"": 4, ""treasury_11"": 4, ""treasury_12"": 4, ""treasury_13"": 5, ""treasury_14"": 5, ""treasury_15"": 5, ""treasury_16"": 6, ""treasury_17"": 6, ""treasury_18"": 4, ""treasury_19"": 7, ""treasury_20"": 7, ""treasury_21"": 4, ""treasury_22"": 9, ""treasury_23"": 11, ""treasury_24"": 4, ""treasury_25"": 10, ""treasury_26"": 12, ""treasury_27"": 4, ""treasury_28"": 11, ""treasury_29"": 4, ""treasury_30"": 5}",evaluation strategy,0.006059175490316629,optimal,2.8629695224195546e-16,0.006059175490316631,506,140,395,
cvar_lambda_0.1,0.1,0.004492164814427735,0.017149327241024092,0.03135894059101131,0.09960548492340655,18.250000000000018,"{""treasury_01"": 1, ""treasury_02"": 4, ""treasury_03"": 4, ""treasury_04"": 3, ""treasury_05"": 4, ""treasury_06"": 4, ""treasury_07"": 4, ""treasury_08"": 4, ""treasury_09"": 4, ""treasury_10"": 4, ""treasury_11"": 4, ""treasury_12"": 4, ""treasury_13"": 5, ""treasury_14"": 5, ""treasury_15"": 5, ""treasury_16"": 6, ""treasury_17"": 6, ""treasury_18"": 4, ""treasury_19"": 7, ""treasury_20"": 7, ""treasury_21"": 4, ""treasury_22"": 9, ""treasury_23"": 11, ""treasury_24"": 4, ""treasury_25"": 10, ""treasury_26"": 11, ""treasury_27"": 4, ""treasury_28"": 11, ""treasury_29"": 4, ""treasury_30"": 5}",evaluation strategy,0.0076280588735288665,optimal,3.411202321727025e-16,0.007628058873528869,506,140,395,
cvar_lambda_0.25,0.25,0.004492164814427735,0.017149327241024092,0.03135894059101131,0.09960548492340655,18.250000000000018,"{""treasury_01"": 1, ""treasury_02"": 4, ""treasury_03"": 4, ""treasury_04"": 3, ""treasury_05"": 4, ""treasury_06"": 4, ""treasury_07"": 4, ""treasury_08"": 4, ""treasury_09"": 4, ""treasury_10"": 4, ""treasury_11"": 4, ""treasury_12"": 4, ""treasury_13"": 5, ""treasury_14"": 5, ""treasury_15"": 5, ""treasury_16"": 6, ""treasury_17"": 6, ""treasury_18"": 4, ""treasury_19"": 7, ""treasury_20"": 7, ""treasury_21"": 4, ""treasury_22"": 9, ""treasury_23"": 11, ""treasury_24"": 4, ""treasury_25"": 10, ""treasury_26"": 11, ""treasury_27"": 4, ""treasury_28"": 11, ""treasury_29"": 4, ""treasury_30"": 5}",evaluation strategy,0.012331899962180561,optimal,1.4066960332932091e-16,0.012331899962180563,506,140,395,
cvar_lambda_0.5,0.5,0.004492164814427735,0.017149327241024092,0.03135894059101131,0.09960548492340655,18.250000000000018,"{""treasury_01"": 1, ""treasury_02"": 4, ""treasury_03"": 4, ""treasury_04"": 3, ""treasury_05"": 4, ""treasury_06"": 4, ""treasury_07"": 4, ""treasury_08"": 4, ""treasury_09"": 4, ""treasury_10"": 4, ""treasury_11"": 4, ""treasury_12"": 4, ""treasury_13"": 5, ""treasury_14"": 5, ""treasury_15"": 5, ""treasury_16"": 6, ""treasury_17"": 6, ""treasury_18"": 4, ""treasury_19"": 7, ""treasury_20"": 7, ""treasury_21"": 4, ""treasury_22"": 9, ""treasury_23"": 11, ""treasury_24"": 4, ""treasury_25"": 10, ""treasury_26"": 11, ""treasury_27"": 4, ""treasury_28"": 11, ""treasury_29"": 4, ""treasury_30"": 5}",evaluation strategy,0.020171635109933382,optimal,1.7199631725665656e-16,0.020171635109933386,506,140,395,
cvar_lambda_0.75,0.75,0.004492164814427735,0.017149327241024092,0.03135894059101131,0.09960548492340655,18.250000000000018,"{""treasury_01"": 1, ""treasury_02"": 4, ""treasury_03"": 4, ""treasury_04"": 3, ""treasury_05"": 4, ""treasury_06"": 4, ""treasury_07"": 4, ""treasury_08"": 4, ""treasury_09"": 4, ""treasury_10"": 4, ""treasury_11"": 4, ""treasury_12"": 4, ""treasury_13"": 5, ""treasury_14"": 5, ""treasury_15"": 5, ""treasury_16"": 6, ""treasury_17"": 6, ""treasury_18"": 4, ""treasury_19"": 7, ""treasury_20"": 7, ""treasury_21"": 4, ""treasury_22"": 9, ""treasury_23"": 11, ""treasury_24"": 4, ""treasury_25"": 10, ""treasury_26"": 11, ""treasury_27"": 4, ""treasury_28"": 11, ""treasury_29"": 4, ""treasury_30"": 5}",evaluation strategy,0.028011370257686206,optimal,2.477170463306137e-16,0.028011370257686213,506,140,395,
cvar_lambda_1,1.0,0.004492164814427735,0.017149327241024092,0.03135894059101131,0.09960548492340655,18.250000000000018,"{""treasury_01"": 1, ""treasury_02"": 4, ""treasury_03"": 4, ""treasury_04"": 3, ""treasury_05"": 4, ""treasury_06"": 4, ""treasury_07"": 4, ""treasury_08"": 4, ""treasury_09"": 4, ""treasury_10"": 4, ""treasury_11"": 4, ""treasury_12"": 4, ""treasury_13"": 5, ""treasury_14"": 5, ""treasury_15"": 5, ""treasury_16"": 6, ""treasury_17"": 6, ""treasury_18"": 4, ""treasury_19"": 7, ""treasury_20"": 7, ""treasury_21"": 4, ""treasury_22"": 9, ""treasury_23"": 11, ""treasury_24"": 4, ""treasury_25"": 10, ""treasury_26"": 11, ""treasury_27"": 4, ""treasury_28"": 11, ""treasury_29"": 4, ""treasury_30"": 5}",evaluation strategy,0.03585110540543904,optimal,0.0,0.03585110540543904,506,140,395,
cvar_lambda_1.5,1.5,0.004492164814427735,0.017149327241024092,0.03135894059101131,0.09960548492340655,18.250000000000018,"{""treasury_01"": 1, ""treasury_02"": 4, ""treasury_03"": 4, ""treasury_04"": 3, ""treasury_05"": 4, ""treasury_06"": 4, ""treasury_07"": 4, ""treasury_08"": 4, ""treasury_09"": 4, ""treasury_10"": 4, ""treasury_11"": 4, ""treasury_12"": 4, ""treasury_13"": 5, ""treasury_14"": 5, ""treasury_15"": 5, ""treasury_16"": 6, ""treasury_17"": 6, ""treasury_18"": 4, ""treasury_19"": 7, ""treasury_20"": 7, ""treasury_21"": 4, ""treasury_22"": 9, ""treasury_23"": 11, ""treasury_24"": 4, ""treasury_25"": 10, ""treasury_26"": 11, ""treasury_27"": 4, ""treasury_28"": 11, ""treasury_29"": 4, ""treasury_30"": 5}",evaluation strategy,0.0515305757009447,optimal,0.0,0.0515305757009447,506,140,395,
cvar_lambda_2,2.0,0.004492164814427735,0.017149327241024092,0.03135894059101131,0.09960548492340655,18.250000000000018,"{""treasury_01"": 1, ""treasury_02"": 4, ""treasury_03"": 4, ""treasury_04"": 3, ""treasury_05"": 4, ""treasury_06"": 4, ""treasury_07"": 4, ""treasury_08"": 4, ""treasury_09"": 4, ""treasury_10"": 4, ""treasury_11"": 4, ""treasury_12"": 4, ""treasury_13"": 5, ""treasury_14"": 5, ""treasury_15"": 5, ""treasury_16"": 6, ""treasury_17"": 6, ""treasury_18"": 4, ""treasury_19"": 7, ""treasury_20"": 7, ""treasury_21"": 4, ""treasury_22"": 9, ""treasury_23"": 11, ""treasury_24"": 4, ""treasury_25"": 10, ""treasury_26"": 11, ""treasury_27"": 4, ""treasury_28"": 11, ""treasury_29"": 4, ""treasury_30"": 5}",evaluation strategy,0.06721004599645035,optimal,0.0,0.06721004599645035,506,140,395,
cvar_lambda_3,3.0,0.004531035990559204,0.017139790081260868,0.031344933991015046,0.09773160306688744,18.250000000000018,"{""treasury_01"": 1, ""treasury_02"": 4, ""treasury_03"": 4, ""treasury_04"": 3, ""treasury_05"": 4, ""treasury_06"": 5, ""treasury_07"": 4, ""treasury_08"": 5, ""treasury_09"": 4, ""treasury_10"": 5, ""treasury_11"": 5, ""treasury_12"": 5, ""treasury_13"": 5, ""treasury_14"": 5, ""treasury_15"": 5, ""treasury_16"": 6, ""treasury_17"": 6, ""treasury_18"": 4, ""treasury_19"": 7, ""treasury_20"": 7, ""treasury_21"": 4, ""treasury_22"": 9, ""treasury_23"": 11, ""treasury_24"": 4, ""treasury_25"": 10, ""treasury_26"": 11, ""treasury_27"": 4, ""treasury_28"": 11, ""treasury_29"": 4, ""treasury_30"": 5}",evaluation strategy,0.09856583796360435,optimal,1.4079713716773614e-16,0.09856583796360434,506,140,395,
cvar_lambda_5,5.0,0.004531035990559204,0.017139790081260868,0.031344933991015046,0.09773160306688744,18.250000000000018,"{""treasury_01"": 1, ""treasury_02"": 4, ""treasury_03"": 4, ""treasury_04"": 3, ""treasury_05"": 4, ""treasury_06"": 5, ""treasury_07"": 4, ""treasury_08"": 5, ""treasury_09"": 4, ""treasury_10"": 5, ""treasury_11"": 5, ""treasury_12"": 5, ""treasury_13"": 5, ""treasury_14"": 5, ""treasury_15"": 5, ""treasury_16"": 6, ""treasury_17"": 6, ""treasury_18"": 4, ""treasury_19"": 7, ""treasury_20"": 7, ""treasury_21"": 4, ""treasury_22"": 9, ""treasury_23"": 11, ""treasury_24"": 4, ""treasury_25"": 10, ""treasury_26"": 11, ""treasury_27"": 4, ""treasury_28"": 11, ""treasury_29"": 4, ""treasury_30"": 5}",evaluation strategy,0.16125570594563443,optimal,1.7212151007534827e-16,0.16125570594563446,506,140,395,
