transaction_id,gas_used,release_slot,deadline_slot,priority_class,source_tx_hash,source_block_time_utc,gas_usage_origin,timing_origin
treasury_01,21000,1,2,URGENT,0x0007ada267939d281a28b47ac0836e6265d4883fe2195c2096d07facb652f97d,2025-04-20 05:33:11+00:00,observed training transaction,explicit business assumption
treasury_02,21000,1,4,STANDARD,0x0002ec759950ef6e84daecfa3ca296884682e4169c1b4d919642ea5be114ac2f,2025-12-30 03:14:11+00:00,observed training transaction,explicit business assumption
treasury_03,296588,1,8,FLEXIBLE,0x000403a7a5b519ef03549ffddb6d3b63eb1b67c74cd8478bd8f33da9f0616f17,2025-12-06 11:49:23+00:00,observed training transaction,explicit business assumption
treasury_04,46109,2,3,URGENT,0x000bc16ed9069c9308d9d5ab04dadba2b56f6ed5493ba5a57908a9322281dac7,2025-10-13 12:42:35+00:00,observed training transaction,explicit business assumption
treasury_05,51957,2,5,STANDARD,0x000a41b12a65087e0ada80452e822a148c13e5182461a60be121bbfe6bffbcd1,2025-02-10 20:58:23+00:00,observed training transaction,explicit business assumption
treasury_06,21000,2,9,FLEXIBLE,0x0005c38ed75f5016f50b269dfd86f32e17f560abd265f3150d55d87d522d587f,2025-07-02 18:27:47+00:00,observed training transaction,explicit business assumption
treasury_07,96383,3,4,URGENT,0x000bff6c5ea6422097e40f1aee8793ece7ffc207f0d7e5866787c4d8af522a7b,2025-08-10 00:42:47+00:00,observed training transaction,explicit business assumption
treasury_08,41309,3,6,STANDARD,0x00055ef5551d06ebd4e208554245d80c079e3f7f97454eca6399b94c0d650c30,2025-08-19 12:57:23+00:00,observed training transaction,explicit business assumption
treasury_09,221254,3,10,FLEXIBLE,0x0001c5c87e5f13ff7d6e36901ff11312c47c03bf7f99e5080112a03dd1ccd4f4,2025-10-27 13:45:11+00:00,observed training transaction,explicit business assumption
treasury_10,21000,4,5,URGENT,0x0004578ae82c92ed5199f0726191847cecb2b5aec022f8b9899359808152cb22,2025-03-15 18:08:35+00:00,observed training transaction,explicit business assumption
treasury_11,21000,4,7,STANDARD,0x000e4f999cd99908fd5631df314349fe7a80162a2240ec44618ed17032c4763b,2025-02-06 08:56:59+00:00,observed training transaction,explicit business assumption
treasury_12,46940,4,11,FLEXIBLE,0x00012ad27fbabccc6b90108b8ce6ca638bdf0a16534f7ecfe2ab9d0900ffe3a2,2025-10-20 23:20:47+00:00,observed training transaction,explicit business assumption
treasury_13,21000,5,6,URGENT,0x000e5528b650edccb9ff4712da4af1b031c743bcf6b2e955b3ba632f6c6a5735,2025-01-01 01:53:59+00:00,observed training transaction,explicit business assumption
treasury_14,115099,5,8,STANDARD,0x0008024a447cd534bb37496d3d573f2c1d02bbd5aad943aeef4897d00ea85f2f,2025-04-07 19:57:35+00:00,observed training transaction,explicit business assumption
treasury_15,67936,5,12,FLEXIBLE,0x000ac906ff0323a1e31527ea742d0d49bbd5521e94832458a07bdc976ba306b2,2025-12-10 15:51:11+00:00,observed training transaction,explicit business assumption
treasury_16,58409,6,7,URGENT,0x000d32094f6adf9cbf12ddb8c4caf3457c3d684928cbf8489dd1d2ce2e99ea65,2025-12-09 12:03:47+00:00,observed training transaction,explicit business assumption
treasury_17,45160,6,9,STANDARD,0x0009e2a3441cb5644ec1495b738148137e3b0a05a6640bc628dba3814bb9b27e,2025-05-16 00:20:59+00:00,observed training transaction,explicit business assumption
treasury_18,21000,1,8,FLEXIBLE,0x0009cabd71dd6ad41343b0d8cfdac8d361498e2f97e43901b356c924b9643e03,2025-08-05 19:22:23+00:00,observed training transaction,explicit business assumption
treasury_19,35306,7,8,URGENT,0x00004a4dd6212932e8cef348634c8eb4c6f212a4b25d2d9fdedafd7136176c33,2025-07-12 16:12:47+00:00,observed training transaction,explicit business assumption
treasury_20,29774,7,10,STANDARD,0x0001ced004ddcf3c2d29d078dcc120e90129f9334bf52acad90d2e18f1d375c2,2025-12-25 14:43:11+00:00,observed training transaction,explicit business assumption
treasury_21,40360,2,9,FLEXIBLE,0x000f274e3f8557cda23858ffe5d8b3e0a764c59541fbb63d42941f3cba219d1f,2025-11-12 16:13:35+00:00,observed training transaction,explicit business assumption
treasury_22,21000,8,9,URGENT,0x000c755dc648f9e0c61b2abd8a3c3e15427ab9348548dcc03d6d51907795bd8f,2025-05-27 15:30:23+00:00,observed training transaction,explicit business assumption
treasury_23,155407,8,11,STANDARD,0x0002801ce6230cce180d3da95e9f570740dde6b85de3f637b739ad36baa7fd53,2025-08-12 22:17:23+00:00,observed training transaction,explicit business assumption
treasury_24,135468,3,10,FLEXIBLE,0x000026d975e74bfffa06075895065bea05262b4044cec6b444a329d38348dfa0,2025-01-22 17:45:11+00:00,observed training transaction,explicit business assumption
treasury_25,180246,9,10,URGENT,0x0000acc81083593f2ff6a965fe4a33fe6c0ee9cdc841ed02a98271d687bbce58,2025-05-22 13:13:35+00:00,observed training transaction,explicit business assumption
treasury_26,21000,9,12,STANDARD,0x0006b637029504885e30bf06a4a5c4ed8e49010d2e2301b663dae1b9e4f43e7e,2025-11-20 16:02:11+00:00,observed training transaction,explicit business assumption
treasury_27,21000,4,11,FLEXIBLE,0x00066a923b4f8befadf4bda7de596419277af45cb837f6f8143f6efea40f2861,2025-10-13 14:20:35+00:00,observed training transaction,explicit business assumption
treasury_28,21000,10,11,URGENT,0x0004fbe1d53862577e1161d75251b7a0a0d51b06f3a02f155d8dd04cc1ca424b,2025-09-07 23:42:59+00:00,observed training transaction,explicit business assumption
treasury_29,595254,1,4,STANDARD,0x000b553409f49921ce477d3fd954c2c68bff4782e514a3e59ced7dae8814ec75,2025-09-19 08:54:11+00:00,observed training transaction,explicit business assumption
treasury_30,63197,5,12,FLEXIBLE,0x0005dafa45fff0aad91f67ede66f73a6cf4b57fd592b36ac079f58838cc0887d,2025-06-26 17:13:11+00:00,observed training transaction,explicit business assumption
